subreddit,created
dogecoin,2021-02-03 11:54:31
dogecoin,2021-04-16 18:31:10
dogecoin,2021-02-08 18:34:09
dogecoin,2021-04-27 16:53:14
dogecoin,2021-02-02 07:26:48
dogecoin,2021-05-03 13:54:51
dogecoin,2021-05-08 15:49:46
dogecoin,2021-02-05 06:12:54
dogecoin,2021-01-31 17:58:49
dogecoin,2021-05-05 19:18:11
dogecoin,2021-03-03 16:37:55
dogecoin,2021-05-05 03:47:53
Bitcoin,2021-02-09 05:48:45
dogecoin,2021-02-05 16:04:40
dogecoin,2021-04-20 16:34:56
dogecoin,2021-05-06 05:41:11
dogecoin,2021-02-02 14:57:23
dogecoin,2021-02-06 04:56:17
dogecoin,2021-02-01 01:10:41
dogecoin,2021-04-21 15:21:23
Bitcoin,2021-01-29 09:11:32
dogecoin,2021-02-02 00:01:42
dogecoin,2021-04-14 17:34:27
dogecoin,2021-05-05 12:01:34
dogecoin,2021-04-17 05:06:47
dogecoin,2021-05-02 09:23:59
dogecoin,2021-01-30 09:23:25
CryptoCurrency,2021-04-10 16:30:55
dogecoin,2021-04-23 16:52:09
dogecoin,2021-02-10 20:51:36
dogecoin,2021-02-07 17:33:47
dogecoin,2021-05-02 00:47:36
dogecoin,2021-01-29 14:34:55
dogecoin,2021-04-21 05:56:28
dogecoin,2021-01-29 07:10:05
dogecoin,2021-02-13 15:06:11
dogecoin,2021-02-08 04:02:24
dogecoin,2021-01-30 16:34:51
dogecoin,2021-04-22 02:54:50
dogecoin,2021-02-04 07:36:58
dogecoin,2021-05-01 06:41:03
CryptoCurrency,2021-05-04 11:27:42
dogecoin,2021-02-09 13:35:52
dogecoin,2021-04-25 23:18:22
dogecoin,2021-04-29 13:30:36
dogecoin,2021-04-16 18:11:12
CryptoCurrency,2021-02-09 18:55:15
dogecoin,2021-05-05 02:07:27
dogecoin,2021-02-08 07:56:03
dogecoin,2021-02-25 16:11:39
dogecoin,2021-05-05 13:46:58
dogecoin,2021-04-16 12:12:27
dogecoin,2021-04-16 17:30:36
dogecoin,2021-05-08 12:48:06
dogecoin,2021-02-11 05:10:56
dogecoin,2021-02-15 17:32:52
dogecoin,2021-04-20 02:55:23
dogecoin,2021-05-08 08:24:54
dogecoin,2021-02-06 11:45:50
dogecoin,2021-02-11 16:28:21
dogecoin,2021-01-29 12:09:42
dogecoin,2021-05-07 13:50:24
dogecoin,2021-02-04 15:19:54
dogecoin,2021-04-20 13:01:38
dogecoin,2021-03-09 08:29:15
dogecoin,2021-02-01 16:08:47
dogecoin,2021-04-25 05:51:33
dogecoin,2021-05-06 12:28:49
dogecoin,2021-04-15 08:32:12
dogecoin,2021-04-21 00:32:30
dogecoin,2021-05-06 19:11:46
dogecoin,2021-04-26 10:50:01
dogecoin,2021-05-05 20:09:27
dogecoin,2021-04-19 14:17:34
dogecoin,2021-04-22 12:02:23
dogecoin,2021-04-24 08:11:37
dogecoin,2021-05-03 03:44:51
Bitcoin,2021-01-04 03:11:54
dogecoin,2021-04-23 04:55:23
dogecoin,2021-02-26 16:26:37
dogecoin,2021-04-28 14:23:36
dogecoin,2021-04-17 06:50:57
dogecoin,2021-02-07 18:18:28
dogecoin,2021-02-11 08:18:51
Bitcoin,2021-01-24 05:34:18
dogecoin,2021-05-05 05:15:12
dogecoin,2021-04-24 11:27:44
dogecoin,2021-02-12 00:16:19
dogecoin,2021-04-18 04:08:48
dogecoin,2021-02-21 17:00:53
Bitcoin,2021-02-24 01:27:34
dogecoin,2021-01-31 10:41:06
dogecoin,2021-02-08 15:26:38
dogecoin,2021-04-28 03:49:49
dogecoin,2021-01-29 13:57:47
dogecoin,2021-04-20 03:11:06
CryptoCurrency,2021-02-13 13:30:21
dogecoin,2021-03-04 07:36:53
dogecoin,2021-02-02 15:49:43
dogecoin,2021-04-18 07:23:45
dogecoin,2021-02-17 21:04:37
dogecoin,2021-04-28 23:28:18
dogecoin,2021-02-06 15:24:05
dogecoin,2021-01-29 20:32:39
dogecoin,2021-04-20 10:46:35
CryptoCurrency,2021-04-19 09:49:42
dogecoin,2021-05-04 11:42:35
dogecoin,2021-02-07 16:34:19
CryptoCurrency,2021-04-24 07:24:56
CryptoCurrency,2021-05-01 08:10:31
CryptoCurrency,2021-01-29 06:41:40
CryptoCurrency,2021-02-18 16:47:37
dogecoin,2021-03-07 09:04:44
dogecoin,2021-04-17 05:15:19
dogecoin,2021-02-13 06:06:16
dogecoin,2021-02-08 09:07:33
CryptoCurrency,2021-03-31 02:49:33
dogecoin,2021-05-07 14:04:00
dogecoin,2021-05-09 02:00:09
dogecoin,2021-02-14 04:21:54
dogecoin,2021-03-23 09:26:48
dogecoin,2021-02-28 19:05:27
dogecoin,2021-02-24 09:45:36
dogecoin,2021-04-20 06:18:57
dogecoin,2021-04-17 07:53:13
dogecoin,2021-04-17 11:32:51
dogecoin,2021-02-09 05:42:50
dogecoin,2021-04-16 18:12:30
CryptoCurrency,2021-02-09 06:29:30
dogecoin,2021-04-22 07:22:09
Bitcoin,2021-02-22 11:04:36
dogecoin,2021-05-07 10:04:16
dogecoin,2021-02-01 05:12:20
dogecoin,2021-04-23 05:49:48
dogecoin,2021-02-19 15:23:25
dogecoin,2021-05-07 03:48:09
CryptoCurrency,2021-04-16 11:22:36
dogecoin,2021-04-19 18:54:07
dogecoin,2021-04-17 06:58:54
dogecoin,2021-01-29 17:52:58
dogecoin,2021-02-16 04:08:35
dogecoin,2021-03-01 17:26:26
dogecoin,2021-02-14 06:24:14
dogecoin,2021-04-25 14:55:18
dogecoin,2021-02-10 05:50:59
CryptoCurrency,2021-02-23 23:00:39
dogecoin,2021-04-15 16:36:25
dogecoin,2021-04-21 10:54:41
dogecoin,2021-04-23 10:47:51
dogecoin,2021-05-05 05:35:52
CryptoCurrency,2021-02-08 13:28:10
dogecoin,2021-02-02 08:26:59
dogecoin,2021-04-17 14:20:07
CryptoCurrency,2021-04-20 02:26:42
dogecoin,2021-02-08 16:02:11
dogecoin,2021-02-23 22:24:39
dogecoin,2021-02-23 12:10:12
dogecoin,2021-04-22 22:55:31
dogecoin,2021-04-20 08:44:08
dogecoin,2021-02-05 06:24:13
dogecoin,2021-04-19 01:53:00
Bitcoin,2021-03-14 04:20:58
dogecoin,2021-01-29 17:12:57
dogecoin,2021-05-05 21:01:25
dogecoin,2021-04-20 10:17:18
CryptoCurrency,2021-02-26 12:25:00
dogecoin,2021-02-11 14:18:20
dogecoin,2021-02-02 05:15:42
Bitcoin,2021-01-31 06:24:04
dogecoin,2021-04-27 02:57:14
dogecoin,2021-02-08 11:51:36
dogecoin,2021-05-04 07:04:29
dogecoin,2021-03-18 12:11:51
dogecoin,2021-02-01 08:27:29
dogecoin,2021-04-15 04:03:34
dogecoin,2021-01-29 19:40:30
dogecoin,2021-02-02 06:29:52
dogecoin,2021-05-05 14:04:01
CryptoCurrency,2021-03-07 09:17:37
dogecoin,2021-01-31 14:42:41
dogecoin,2021-02-06 21:07:23
CryptoCurrency,2021-05-07 06:03:52
dogecoin,2021-01-29 18:45:02
dogecoin,2021-02-05 04:34:24
dogecoin,2021-02-14 10:52:41
dogecoin,2021-02-10 10:12:18
dogecoin,2021-05-05 06:16:37
dogecoin,2021-04-26 06:16:10
dogecoin,2021-02-09 10:23:49
dogecoin,2021-04-23 18:14:12
dogecoin,2021-02-08 16:17:45
dogecoin,2021-05-07 06:34:36
dogecoin,2021-02-03 11:01:16
dogecoin,2021-03-14 13:06:06
CryptoCurrency,2021-05-04 11:37:46
CryptoCurrency,2021-04-25 08:17:08
dogecoin,2021-04-22 02:48:23
dogecoin,2021-05-05 08:34:31
dogecoin,2021-03-09 16:18:20
dogecoin,2021-05-06 02:02:08
dogecoin,2021-05-06 09:45:53
dogecoin,2021-04-20 04:27:50
dogecoin,2021-02-15 04:23:05
CryptoCurrency,2021-02-12 16:00:31
dogecoin,2021-01-30 07:06:10
dogecoin,2021-02-09 06:51:43
dogecoin,2021-03-15 07:01:18
dogecoin,2021-04-30 12:48:35
dogecoin,2021-02-06 07:37:56
dogecoin,2021-02-07 06:38:11
dogecoin,2021-04-12 02:47:36
dogecoin,2021-01-30 10:18:37
dogecoin,2021-02-08 07:31:24
CryptoCurrency,2021-01-28 17:53:59
dogecoin,2021-04-24 18:01:33
CryptoCurrency,2021-02-10 05:03:25
dogecoin,2021-04-19 06:20:12
dogecoin,2021-05-05 14:11:45
CryptoCurrency,2021-05-06 19:01:00
dogecoin,2021-02-25 00:14:09
dogecoin,2021-04-21 03:59:28
dogecoin,2021-02-27 10:11:36
dogecoin,2021-02-05 16:26:19
dogecoin,2021-04-20 18:22:03
CryptoCurrency,2021-02-27 17:01:20
CryptoCurrency,2021-02-06 14:00:00
dogecoin,2021-01-29 12:29:52
dogecoin,2021-02-08 23:30:21
dogecoin,2021-05-04 09:21:15
dogecoin,2021-05-04 15:19:09
CryptoCurrency,2021-04-17 21:58:59
dogecoin,2021-05-07 04:18:36
dogecoin,2021-04-21 16:55:58
dogecoin,2021-02-17 09:45:14
dogecoin,2021-05-06 06:33:58
dogecoin,2021-02-07 04:58:22
CryptoCurrency,2021-02-20 05:17:11
CryptoCurrency,2021-02-20 17:19:28
CryptoCurrency,2021-04-22 18:39:58
dogecoin,2021-05-06 08:51:36
dogecoin,2021-05-02 17:03:55
dogecoin,2021-04-20 04:31:23
dogecoin,2021-02-01 09:35:29
CryptoCurrency,2021-05-03 12:39:43
dogecoin,2021-02-09 09:52:12
dogecoin,2021-01-29 19:01:58
Bitcoin,2021-02-19 00:23:21
dogecoin,2021-04-02 13:59:36
dogecoin,2021-01-30 06:41:16
dogecoin,2021-05-07 15:01:39
Bitcoin,2021-02-09 15:20:47
dogecoin,2021-04-27 08:58:16
dogecoin,2021-02-10 13:12:05
dogecoin,2021-02-17 01:43:46
dogecoin,2021-05-08 15:00:12
dogecoin,2021-02-22 06:12:58
dogecoin,2021-01-30 09:15:23
CryptoCurrency,2021-04-17 04:05:45
dogecoin,2021-02-08 03:57:31
Bitcoin,2021-01-08 03:50:33
CryptoCurrency,2021-01-30 09:37:25
dogecoin,2021-05-06 14:53:01
dogecoin,2021-04-16 06:24:25
dogecoin,2021-02-06 06:28:22
dogecoin,2021-04-17 04:29:41
dogecoin,2021-04-16 17:31:20
CryptoCurrency,2021-03-17 08:00:10
dogecoin,2021-05-05 05:20:14
CryptoCurrency,2021-05-03 03:23:17
dogecoin,2021-02-05 01:02:42
CryptoCurrency,2021-04-27 10:23:24
dogecoin,2021-03-26 03:58:15
CryptoCurrency,2021-02-19 14:58:51
dogecoin,2021-02-06 05:52:53
dogecoin,2021-03-06 07:51:18
dogecoin,2021-05-08 04:34:13
dogecoin,2021-05-04 08:16:45
dogecoin,2021-02-12 05:46:53
dogecoin,2021-05-06 08:10:47
dogecoin,2021-02-05 07:59:50
dogecoin,2021-05-08 11:22:50
dogecoin,2021-05-05 05:31:49
dogecoin,2021-03-03 03:03:35
dogecoin,2021-04-23 13:11:12
dogecoin,2021-02-01 04:26:16
dogecoin,2021-04-21 15:05:30
CryptoCurrency,2021-03-01 17:12:39
dogecoin,2021-04-17 13:07:18
dogecoin,2021-02-03 22:18:18
dogecoin,2021-01-31 02:52:08
dogecoin,2021-02-25 06:18:40
dogecoin,2021-04-01 04:36:05
dogecoin,2021-04-11 12:22:53
dogecoin,2021-02-01 02:34:43
CryptoCurrency,2021-04-18 16:49:54
CryptoCurrency,2021-02-27 04:22:24
Bitcoin,2021-03-21 01:40:41
dogecoin,2021-05-04 07:32:32
dogecoin,2021-02-15 08:01:26
dogecoin,2021-04-21 07:00:09
dogecoin,2021-05-02 14:55:26
dogecoin,2021-03-24 15:06:21
dogecoin,2021-04-14 14:20:50
dogecoin,2021-05-05 18:13:32
dogecoin,2021-01-31 11:24:05
dogecoin,2021-04-26 17:06:51
dogecoin,2021-03-10 12:25:00
dogecoin,2021-02-16 14:36:28
dogecoin,2021-05-05 08:48:36
dogecoin,2021-04-20 14:14:56
dogecoin,2021-04-17 08:07:27
Bitcoin,2021-03-25 00:04:11
dogecoin,2021-04-23 08:37:16
dogecoin,2021-02-28 08:39:49
dogecoin,2021-04-16 21:35:58
CryptoCurrency,2021-04-24 19:49:51
CryptoCurrency,2021-02-25 04:02:26
dogecoin,2021-01-31 14:58:05
dogecoin,2021-02-01 15:39:40
dogecoin,2021-04-29 23:03:46
dogecoin,2021-02-18 08:04:25
Bitcoin,2021-04-18 09:14:27
Bitcoin,2021-02-02 00:50:48
dogecoin,2021-02-02 18:02:10
Bitcoin,2021-01-30 01:32:38
CryptoCurrency,2021-02-23 04:01:14
dogecoin,2021-02-16 09:02:32
dogecoin,2021-02-07 15:50:30
Bitcoin,2021-04-01 05:19:39
dogecoin,2021-05-05 06:47:01
dogecoin,2021-02-14 20:13:04
Bitcoin,2021-02-23 01:07:34
dogecoin,2021-03-11 00:46:14
Bitcoin,2021-03-04 04:51:56
dogecoin,2021-04-17 06:53:47
dogecoin,2021-03-30 06:24:59
dogecoin,2021-02-23 05:07:36
dogecoin,2021-01-30 10:14:25
dogecoin,2021-02-26 07:23:40
CryptoCurrency,2021-02-02 06:58:26
dogecoin,2021-04-20 21:08:38
dogecoin,2021-02-20 03:38:44
CryptoCurrency,2021-03-09 09:39:11
CryptoCurrency,2021-04-03 16:53:14
CryptoCurrency,2021-05-04 11:43:04
dogecoin,2021-02-03 20:59:25
Bitcoin,2021-03-18 14:49:26
CryptoCurrency,2021-03-06 08:21:16
dogecoin,2021-02-01 10:45:25
dogecoin,2021-04-13 06:30:39
dogecoin,2021-05-08 13:57:39
dogecoin,2021-02-10 07:41:19
Bitcoin,2021-02-25 09:25:34
dogecoin,2021-02-06 05:51:12
CryptoCurrency,2021-03-02 13:52:55
CryptoCurrency,2021-04-15 06:24:47
dogecoin,2021-04-19 17:21:28
dogecoin,2021-02-05 11:37:10
dogecoin,2021-02-07 18:45:58
dogecoin,2021-04-22 10:49:02
dogecoin,2021-03-14 20:09:25
dogecoin,2021-04-12 16:29:50
dogecoin,2021-04-16 04:30:34
dogecoin,2021-03-05 05:59:55
dogecoin,2021-02-08 05:08:24
CryptoCurrency,2021-05-05 22:06:58
dogecoin,2021-03-13 15:55:47
dogecoin,2021-05-05 21:23:10
dogecoin,2021-05-06 04:33:44
Bitcoin,2021-03-25 20:37:34
CryptoCurrency,2021-03-24 12:38:44
Bitcoin,2020-06-06 06:09:00
dogecoin,2021-02-16 18:03:35
dogecoin,2021-02-20 17:57:45
dogecoin,2021-02-07 23:35:01
dogecoin,2021-03-27 04:26:59
Bitcoin,2021-02-19 13:39:16
Bitcoin,2020-12-27 22:48:45
dogecoin,2021-04-16 20:03:45
dogecoin,2021-02-04 23:17:24
CryptoCurrency,2021-04-17 04:58:23
dogecoin,2021-05-07 11:27:40
dogecoin,2021-05-07 17:00:06
dogecoin,2021-04-19 18:28:06
dogecoin,2021-02-27 19:42:07
dogecoin,2021-05-08 10:47:32
dogecoin,2021-04-20 11:20:26
Bitcoin,2021-04-19 05:52:01
dogecoin,2021-04-20 02:37:32
CryptoCurrency,2021-04-16 04:14:58
dogecoin,2021-04-16 12:28:07
dogecoin,2021-05-05 12:25:35
Bitcoin,2021-03-12 13:04:59
CryptoCurrency,2021-04-08 07:01:01
dogecoin,2021-04-19 11:15:06
CryptoCurrency,2021-01-29 19:00:46
dogecoin,2021-02-01 05:58:46
dogecoin,2021-02-08 00:31:27
dogecoin,2021-05-05 20:56:05
dogecoin,2021-04-14 04:08:54
dogecoin,2021-03-11 19:52:44
dogecoin,2021-04-20 16:25:54
dogecoin,2021-02-08 21:15:25
CryptoCurrency,2021-05-02 10:15:45
CryptoCurrency,2021-02-24 12:10:37
dogecoin,2021-05-05 17:18:44
dogecoin,2021-05-07 08:29:26
dogecoin,2021-02-08 09:34:15
dogecoin,2021-03-13 04:37:47
CryptoCurrency,2021-05-04 07:29:33
dogecoin,2021-04-20 20:52:47
dogecoin,2021-02-15 11:20:46
CryptoCurrency,2021-04-06 05:49:37
dogecoin,2021-04-16 12:24:48
dogecoin,2021-04-17 06:44:01
Bitcoin,2021-03-02 06:38:52
dogecoin,2021-03-29 11:30:19
dogecoin,2021-04-20 04:32:56
CryptoCurrency,2021-04-18 08:08:34
dogecoin,2021-02-13 05:58:11
dogecoin,2021-02-03 05:38:33
dogecoin,2021-02-02 08:53:19
dogecoin,2021-02-12 05:59:23
dogecoin,2021-01-30 12:59:54
dogecoin,2021-02-08 08:53:28
dogecoin,2021-05-07 04:03:31
dogecoin,2021-05-05 01:08:43
dogecoin,2021-02-09 05:23:07
dogecoin,2021-02-02 12:02:05
CryptoCurrency,2021-04-11 19:37:48
dogecoin,2021-04-30 23:06:24
dogecoin,2021-05-04 11:39:57
Bitcoin,2021-03-15 09:15:59
dogecoin,2021-05-05 03:33:48
dogecoin,2021-01-30 19:53:40
dogecoin,2021-03-08 09:06:26
dogecoin,2021-05-07 23:44:06
dogecoin,2021-02-08 05:27:05
CryptoCurrency,2021-05-04 11:31:32
dogecoin,2021-03-16 11:50:24
dogecoin,2021-05-08 14:10:30
dogecoin,2021-05-06 23:47:12
dogecoin,2021-04-21 19:54:35
dogecoin,2021-01-30 10:50:52
dogecoin,2021-04-24 13:18:05
Bitcoin,2021-02-17 05:29:10
dogecoin,2021-04-19 21:28:57
Bitcoin,2021-01-03 05:16:48
dogecoin,2021-04-17 04:03:52
dogecoin,2021-04-18 17:37:28
dogecoin,2021-03-01 07:17:41
dogecoin,2021-05-06 10:47:19
CryptoCurrency,2021-03-30 02:26:34
dogecoin,2021-05-07 16:22:39
dogecoin,2021-01-29 15:51:08
dogecoin,2021-05-04 11:36:21
dogecoin,2021-02-02 17:06:09
Bitcoin,2021-02-27 08:08:08
dogecoin,2021-05-02 14:20:21
dogecoin,2021-04-20 16:20:38
dogecoin,2021-02-04 13:54:41
dogecoin,2021-04-20 17:42:35
CryptoCurrency,2021-05-08 02:11:51
Bitcoin,2021-03-11 05:57:01
dogecoin,2021-02-06 14:08:34
dogecoin,2021-05-03 07:39:10
Bitcoin,2021-03-10 16:14:28
dogecoin,2021-04-29 08:32:10
dogecoin,2021-02-19 08:50:34
Bitcoin,2021-01-07 09:37:36
dogecoin,2021-04-22 01:33:04
dogecoin,2021-05-07 11:14:28
CryptoCurrency,2021-01-30 23:11:29
dogecoin,2021-02-05 06:22:35
dogecoin,2021-02-27 02:41:18
dogecoin,2021-04-16 19:59:42
dogecoin,2021-03-21 03:31:28
dogecoin,2021-03-08 20:36:49
dogecoin,2021-02-02 12:24:50
dogecoin,2021-03-02 06:48:47
dogecoin,2021-01-31 05:04:19
dogecoin,2021-05-02 09:41:27
dogecoin,2021-03-12 12:45:47
dogecoin,2021-05-05 10:11:56
dogecoin,2021-04-16 09:41:03
dogecoin,2021-04-20 08:43:47
Bitcoin,2020-12-17 06:42:20
dogecoin,2021-02-09 08:24:37
dogecoin,2021-05-07 17:27:21
CryptoCurrency,2021-02-01 16:46:18
dogecoin,2021-05-08 20:55:51
CryptoCurrency,2021-04-30 05:53:51
dogecoin,2021-02-09 06:50:46
dogecoin,2021-02-07 17:26:43
dogecoin,2021-03-06 21:53:13
dogecoin,2021-02-04 17:13:53
Bitcoin,2021-03-06 13:22:49
dogecoin,2021-02-19 22:59:54
dogecoin,2021-05-06 02:37:20
dogecoin,2021-02-09 15:03:39
dogecoin,2021-04-16 19:30:08
dogecoin,2021-04-30 11:41:39
dogecoin,2021-02-10 06:43:08
dogecoin,2021-02-10 07:36:48
dogecoin,2021-03-02 04:24:15
dogecoin,2021-04-18 04:33:21
CryptoCurrency,2021-02-12 06:35:22
dogecoin,2021-03-02 17:07:10
dogecoin,2021-04-17 01:17:22
dogecoin,2021-03-06 14:23:57
dogecoin,2021-05-05 12:51:31
Bitcoin,2021-04-12 21:30:50
dogecoin,2021-02-01 11:32:46
dogecoin,2021-05-05 21:58:14
dogecoin,2021-02-05 11:24:43
dogecoin,2021-04-19 16:57:37
dogecoin,2021-02-05 09:35:14
dogecoin,2021-03-06 01:57:05
dogecoin,2021-05-02 18:15:32
dogecoin,2021-04-15 05:50:31
dogecoin,2021-05-08 08:10:52
CryptoCurrency,2021-03-03 07:47:49
dogecoin,2021-02-07 08:05:19
dogecoin,2021-04-07 05:16:27
Bitcoin,2021-04-24 09:21:59
dogecoin,2021-05-08 17:45:35
dogecoin,2021-05-05 18:24:20
Bitcoin,2021-02-15 05:50:39
dogecoin,2021-04-24 00:23:21
dogecoin,2021-04-22 13:51:15
dogecoin,2021-04-23 10:44:58
dogecoin,2021-05-04 22:04:39
dogecoin,2021-01-30 01:05:30
dogecoin,2021-04-17 03:31:54
Bitcoin,2021-03-23 05:56:22
Bitcoin,2021-04-22 10:03:09
dogecoin,2021-01-31 15:03:18
dogecoin,2021-03-10 05:05:41
dogecoin,2021-02-02 07:43:53
Bitcoin,2021-02-07 18:21:34
dogecoin,2021-04-16 07:52:38
dogecoin,2021-03-22 11:30:26
Bitcoin,2021-02-16 13:02:23
CryptoCurrency,2021-01-26 05:20:30
dogecoin,2021-02-10 18:02:14
dogecoin,2021-02-07 12:32:38
Bitcoin,2021-01-16 05:58:22
dogecoin,2021-04-14 07:23:55
CryptoCurrency,2021-04-18 20:59:15
dogecoin,2021-02-05 13:21:19
CryptoCurrency,2021-03-03 17:26:27
dogecoin,2021-05-04 15:03:21
dogecoin,2021-02-07 04:57:39
dogecoin,2021-04-08 03:15:50
Bitcoin,2021-03-31 05:42:29
Bitcoin,2020-05-26 16:42:55
CryptoCurrency,2021-03-14 04:29:56
dogecoin,2021-02-08 18:24:35
dogecoin,2021-02-08 10:29:43
dogecoin,2021-04-16 09:46:28
CryptoCurrency,2021-02-17 12:13:48
dogecoin,2021-04-22 16:09:21
dogecoin,2021-02-06 22:00:08
dogecoin,2021-04-20 07:41:41
Bitcoin,2021-05-02 06:09:13
dogecoin,2021-04-20 01:13:56
dogecoin,2021-02-12 02:43:50
dogecoin,2021-04-20 10:53:37
CryptoCurrency,2021-05-04 11:35:24
dogecoin,2021-02-11 06:23:11
dogecoin,2021-04-19 12:08:20
Bitcoin,2021-02-20 08:37:44
dogecoin,2021-03-04 19:10:23
dogecoin,2021-01-29 11:47:26
dogecoin,2021-02-08 07:25:46
dogecoin,2021-04-16 18:13:00
dogecoin,2021-02-08 08:12:48
dogecoin,2021-04-04 08:33:24
dogecoin,2021-04-18 14:46:20
dogecoin,2021-04-23 05:16:31
dogecoin,2021-04-21 18:59:02
dogecoin,2021-04-16 16:59:19
dogecoin,2021-04-29 12:56:24
dogecoin,2021-05-05 03:52:39
dogecoin,2021-02-07 19:07:15
Bitcoin,2021-01-30 15:35:03
dogecoin,2021-05-08 11:59:22
dogecoin,2021-02-01 12:57:44
dogecoin,2021-05-05 14:12:37
Bitcoin,2021-02-12 15:56:27
dogecoin,2021-04-21 05:03:34
CryptoCurrency,2021-03-15 20:56:16
dogecoin,2021-04-20 01:26:40
dogecoin,2021-03-21 11:43:00
dogecoin,2021-04-28 05:32:40
dogecoin,2021-04-24 18:11:55
CryptoCurrency,2021-04-07 11:18:56
dogecoin,2021-05-07 15:52:25
dogecoin,2021-02-15 01:32:32
dogecoin,2021-04-07 15:21:49
dogecoin,2021-05-08 15:45:47
dogecoin,2021-04-27 08:20:08
dogecoin,2021-05-05 20:42:56
dogecoin,2021-04-14 17:44:47
Bitcoin,2021-04-23 21:51:12
CryptoCurrency,2021-03-13 02:54:03
dogecoin,2021-02-24 05:21:58
dogecoin,2021-04-26 03:31:17
Bitcoin,2021-02-08 16:17:17
dogecoin,2021-04-20 09:25:08
dogecoin,2021-02-09 13:28:08
Bitcoin,2021-02-10 07:55:34
dogecoin,2021-02-04 13:42:00
dogecoin,2021-02-16 07:21:35
dogecoin,2021-01-29 15:00:36
dogecoin,2021-03-16 06:08:01
dogecoin,2021-01-30 16:19:04
Bitcoin,2021-02-23 05:38:14
dogecoin,2021-04-23 15:19:58
CryptoCurrency,2021-04-28 15:46:24
dogecoin,2021-02-01 06:29:16
dogecoin,2021-01-31 06:07:02
dogecoin,2021-04-30 14:23:12
dogecoin,2021-03-02 13:02:47
dogecoin,2021-02-10 08:57:18
dogecoin,2021-04-19 22:26:52
CryptoCurrency,2021-03-16 10:55:43
dogecoin,2021-04-06 07:31:32
dogecoin,2021-02-10 02:53:28
dogecoin,2021-02-10 02:32:57
CryptoCurrency,2021-03-25 06:42:34
dogecoin,2021-02-07 14:29:48
dogecoin,2021-04-28 00:12:01
Bitcoin,2021-05-04 08:42:34
dogecoin,2021-05-07 09:40:41
Bitcoin,2021-03-30 05:44:41
dogecoin,2021-04-22 20:51:05
dogecoin,2021-04-19 15:23:17
dogecoin,2021-02-01 05:13:33
dogecoin,2021-04-21 13:54:09
CryptoCurrency,2021-03-15 06:40:52
CryptoCurrency,2021-04-23 08:07:06
dogecoin,2021-02-08 09:24:18
Bitcoin,2021-02-18 08:39:58
Bitcoin,2021-05-05 10:47:22
dogecoin,2021-03-11 08:39:10
dogecoin,2021-04-20 12:38:36
CryptoCurrency,2021-04-26 12:19:08
CryptoCurrency,2021-03-19 01:18:43
dogecoin,2021-02-03 06:44:14
dogecoin,2021-02-27 05:43:44
CryptoCurrency,2021-02-16 12:09:43
dogecoin,2021-02-14 18:20:07
dogecoin,2021-02-03 16:50:22
dogecoin,2021-03-25 09:47:00
dogecoin,2021-02-10 20:07:06
dogecoin,2021-05-08 06:39:35
CryptoCurrency,2021-02-03 22:24:07
dogecoin,2021-03-17 06:04:26
Bitcoin,2021-03-15 01:49:20
dogecoin,2021-04-15 19:22:36
dogecoin,2021-02-09 11:24:03
dogecoin,2021-05-01 08:50:52
dogecoin,2021-03-14 05:13:58
CryptoCurrency,2021-03-05 11:04:33
Bitcoin,2021-04-14 05:12:51
dogecoin,2021-05-07 06:57:15
dogecoin,2021-02-08 14:50:15
dogecoin,2021-01-30 07:54:43
dogecoin,2021-05-05 06:25:13
dogecoin,2021-04-18 03:54:19
CryptoCurrency,2021-05-07 19:15:25
dogecoin,2021-04-25 07:31:43
CryptoCurrency,2021-04-14 01:50:41
dogecoin,2021-04-18 09:26:36
dogecoin,2021-04-09 01:06:54
CryptoCurrency,2021-02-17 06:57:30
dogecoin,2021-03-26 13:28:03
dogecoin,2021-04-16 11:09:12
dogecoin,2021-04-25 04:13:29
dogecoin,2021-04-19 02:01:23
dogecoin,2021-02-06 21:30:56
dogecoin,2021-04-19 23:21:14
dogecoin,2021-02-08 16:18:57
dogecoin,2021-04-20 11:32:31
dogecoin,2021-04-21 02:26:43
CryptoCurrency,2021-01-20 11:19:51
dogecoin,2021-02-01 19:19:07
dogecoin,2021-02-07 16:42:37
CryptoCurrency,2021-04-23 19:18:57
Bitcoin,2021-02-01 01:06:40
dogecoin,2021-05-06 03:12:47
dogecoin,2021-02-08 00:49:51
dogecoin,2021-05-04 12:04:00
dogecoin,2021-02-05 23:30:52
dogecoin,2021-05-04 07:13:49
dogecoin,2021-04-24 12:26:36
dogecoin,2021-02-09 12:27:37
Bitcoin,2021-03-16 06:42:45
Bitcoin,2021-04-15 05:59:56
CryptoCurrency,2021-02-12 03:49:45
Bitcoin,2021-02-08 07:33:48
dogecoin,2021-02-05 08:22:57
dogecoin,2021-01-31 15:21:27
dogecoin,2021-05-04 06:27:57
dogecoin,2021-05-06 12:13:49
dogecoin,2021-05-01 10:04:31
dogecoin,2021-03-16 18:19:42
dogecoin,2021-04-09 12:45:35
dogecoin,2021-05-05 10:47:41
dogecoin,2021-03-07 21:27:22
Bitcoin,2021-02-06 18:57:28
dogecoin,2021-04-16 16:38:26
dogecoin,2021-04-08 14:41:09
dogecoin,2021-05-05 15:58:11
dogecoin,2021-02-14 01:34:03
dogecoin,2021-02-09 09:53:19
dogecoin,2021-02-15 10:11:04
dogecoin,2021-04-21 08:56:33
CryptoCurrency,2021-05-04 11:47:14
dogecoin,2021-05-08 07:36:55
dogecoin,2021-01-31 12:43:51
CryptoCurrency,2021-01-09 17:29:32
dogecoin,2021-02-12 07:58:51
Bitcoin,2021-03-17 08:27:56
dogecoin,2021-02-05 15:37:36
dogecoin,2021-04-17 03:15:24
Bitcoin,2020-12-17 19:55:42
dogecoin,2021-05-06 14:11:07
dogecoin,2021-01-31 08:24:19
Bitcoin,2021-03-13 06:27:25
dogecoin,2021-02-16 15:03:30
dogecoin,2021-05-06 16:33:24
dogecoin,2021-04-18 12:00:49
Bitcoin,2021-01-19 14:36:04
dogecoin,2021-04-22 03:26:51
dogecoin,2021-02-14 11:58:05
Bitcoin,2021-02-17 20:00:36
dogecoin,2021-05-05 22:22:54
dogecoin,2021-04-29 02:33:23
dogecoin,2021-04-20 03:08:29
dogecoin,2021-02-03 20:09:07
CryptoCurrency,2021-04-20 21:43:26
dogecoin,2021-05-04 11:17:55
dogecoin,2021-05-06 11:48:09
dogecoin,2021-04-30 04:14:21
CryptoCurrency,2021-05-05 17:18:50
dogecoin,2021-02-13 14:44:43
dogecoin,2021-04-26 18:07:07
dogecoin,2021-04-20 14:42:15
dogecoin,2021-02-01 03:55:59
CryptoCurrency,2021-04-04 11:05:38
dogecoin,2021-02-02 14:38:31
CryptoCurrency,2021-03-12 11:29:45
dogecoin,2021-05-08 03:12:34
dogecoin,2021-04-20 10:10:18
dogecoin,2021-05-03 21:27:42
dogecoin,2021-04-18 05:35:11
dogecoin,2021-03-23 04:09:27
dogecoin,2021-02-04 21:46:05
CryptoCurrency,2021-01-30 17:30:40
Bitcoin,2020-05-12 12:24:54
CryptoCurrency,2021-02-03 01:23:29
dogecoin,2021-04-27 16:25:06
dogecoin,2021-05-02 14:46:47
dogecoin,2021-04-29 18:30:50
dogecoin,2021-05-08 16:59:49
Bitcoin,2021-04-13 18:19:23
dogecoin,2021-03-29 04:01:59
dogecoin,2021-05-04 11:37:22
dogecoin,2021-05-05 16:07:47
dogecoin,2021-04-18 06:14:37
dogecoin,2021-02-12 06:04:20
dogecoin,2021-02-04 17:33:17
Bitcoin,2021-01-18 08:20:11
dogecoin,2021-02-12 16:06:24
dogecoin,2021-04-21 05:18:27
dogecoin,2021-02-08 04:41:22
dogecoin,2021-03-30 16:22:06
dogecoin,2021-02-03 05:26:02
dogecoin,2021-05-04 01:35:57
dogecoin,2021-01-29 16:30:56
CryptoCurrency,2021-04-19 21:06:54
Bitcoin,2021-04-25 06:52:47
dogecoin,2021-05-07 11:06:04
dogecoin,2021-05-04 04:56:23
Bitcoin,2021-02-04 01:44:52
dogecoin,2021-05-06 09:43:13
CryptoCurrency,2021-04-14 19:49:59
CryptoCurrency,2021-04-03 00:27:11
dogecoin,2021-05-04 21:05:10
dogecoin,2021-04-25 14:06:06
dogecoin,2021-05-05 05:18:49
CryptoCurrency,2021-05-03 01:35:52
dogecoin,2021-02-14 09:24:54
dogecoin,2021-05-01 17:36:03
dogecoin,2021-02-08 12:46:52
dogecoin,2021-02-05 02:09:29
Bitcoin,2021-04-21 12:56:34
CryptoCurrency,2021-04-27 10:23:24
dogecoin,2021-04-17 14:34:53
dogecoin,2021-04-29 03:59:48
Bitcoin,2021-03-22 11:17:21
dogecoin,2021-04-13 14:30:52
dogecoin,2021-01-30 06:10:03
dogecoin,2021-01-29 08:05:48
CryptoCurrency,2021-05-05 02:49:55
dogecoin,2021-04-20 04:27:48
CryptoCurrency,2021-04-28 07:05:49
dogecoin,2021-05-08 20:33:41
dogecoin,2021-02-07 18:09:10
dogecoin,2021-03-22 03:31:21
dogecoin,2021-02-16 10:29:32
dogecoin,2021-02-01 10:13:54
CryptoCurrency,2021-04-13 10:13:10
CryptoCurrency,2021-04-09 03:54:12
dogecoin,2021-05-05 03:44:53
dogecoin,2021-04-10 06:51:32
CryptoCurrency,2021-04-15 16:17:08
dogecoin,2021-02-18 16:05:16
Bitcoin,2021-03-01 03:45:36
dogecoin,2021-04-06 17:04:54
dogecoin,2021-02-13 10:02:08
dogecoin,2021-04-03 06:17:50
dogecoin,2021-02-02 10:43:02
CryptoCurrency,2021-02-03 09:33:38
dogecoin,2021-03-24 05:00:37
Bitcoin,2021-03-09 18:06:10
CryptoCurrency,2021-02-04 09:00:47
CryptoCurrency,2021-03-22 07:42:07
dogecoin,2021-02-01 06:50:21
dogecoin,2021-05-04 14:57:47
CryptoCurrency,2021-05-06 04:32:13
Bitcoin,2021-02-26 20:17:34
CryptoCurrency,2021-01-30 01:52:12
dogecoin,2021-04-29 07:47:52
CryptoCurrency,2021-05-06 09:26:01
dogecoin,2021-04-25 02:00:28
dogecoin,2021-04-05 13:49:32
dogecoin,2021-05-03 02:35:25
CryptoCurrency,2021-02-11 04:02:24
dogecoin,2021-02-08 11:06:10
Bitcoin,2021-02-13 13:03:35
CryptoCurrency,2021-03-12 01:31:33
dogecoin,2021-05-06 15:53:13
CryptoCurrency,2021-03-20 04:02:50
Bitcoin,2021-05-04 23:03:04
dogecoin,2021-02-07 08:33:21
dogecoin,2021-05-07 03:08:12
dogecoin,2021-04-17 10:50:33
dogecoin,2021-03-19 19:21:08
dogecoin,2021-05-06 19:35:16
dogecoin,2021-05-06 07:16:39
dogecoin,2021-02-01 22:49:38
dogecoin,2021-03-06 05:53:33
dogecoin,2021-04-18 09:51:35
dogecoin,2021-02-01 07:24:33
CryptoCurrency,2021-02-19 08:34:42
Bitcoin,2021-02-13 05:25:00
CryptoCurrency,2021-04-02 08:10:41
dogecoin,2021-05-05 20:11:42
dogecoin,2021-02-08 06:56:06
dogecoin,2021-05-08 21:14:41
CryptoCurrency,2020-12-24 23:42:14
Bitcoin,2021-02-21 09:04:50
dogecoin,2021-02-12 16:46:44
CryptoCurrency,2020-12-31 00:41:42
dogecoin,2021-04-11 06:44:57
CryptoCurrency,2021-02-15 18:46:08
CryptoCurrency,2021-04-27 01:38:20
Bitcoin,2021-02-21 02:10:28
dogecoin,2021-05-04 17:03:18
Bitcoin,2021-04-20 04:41:00
dogecoin,2021-02-05 12:39:47
dogecoin,2021-02-01 12:02:05
CryptoCurrency,2021-02-25 11:26:33
dogecoin,2021-04-19 08:19:28
CryptoCurrency,2021-03-21 07:28:00
dogecoin,2021-05-05 11:50:40
Bitcoin,2021-02-02 14:59:30
dogecoin,2021-01-31 16:46:57
Bitcoin,2021-04-20 15:00:37
dogecoin,2021-04-21 02:50:03
dogecoin,2021-04-20 02:06:48
dogecoin,2021-01-31 16:43:53
dogecoin,2021-04-20 02:28:02
dogecoin,2021-03-30 01:06:44
Bitcoin,2021-03-25 08:01:43
dogecoin,2021-04-28 15:35:37
dogecoin,2021-02-08 03:18:21
dogecoin,2021-01-31 02:42:06
dogecoin,2021-04-16 10:04:30
dogecoin,2021-04-15 11:02:17
dogecoin,2021-02-08 08:43:56
dogecoin,2021-05-05 15:04:42
dogecoin,2021-04-23 01:18:53
Bitcoin,2021-04-09 05:51:13
dogecoin,2021-04-24 09:17:16
Bitcoin,2021-03-08 14:02:53
dogecoin,2021-03-01 09:09:34
Bitcoin,2021-04-30 07:58:25
dogecoin,2021-04-22 04:54:31
dogecoin,2021-03-18 05:14:15
dogecoin,2021-05-05 02:51:30
CryptoCurrency,2021-05-04 00:04:56
dogecoin,2021-04-17 02:56:53
Bitcoin,2021-02-24 23:56:22
dogecoin,2021-04-23 12:59:56
dogecoin,2021-04-25 10:54:50
dogecoin,2021-04-23 18:45:34
dogecoin,2021-05-03 12:10:50
dogecoin,2021-04-23 08:25:26
dogecoin,2021-04-17 19:33:45
dogecoin,2021-04-27 05:28:14
dogecoin,2021-02-09 03:26:53
CryptoCurrency,2020-12-27 10:10:42
dogecoin,2021-05-08 11:19:43
CryptoCurrency,2021-04-28 22:16:07
dogecoin,2021-04-28 23:55:18
Bitcoin,2021-02-11 14:29:26
dogecoin,2021-05-06 19:25:24
dogecoin,2021-02-15 04:01:25
dogecoin,2021-05-07 05:23:45
dogecoin,2021-05-07 05:49:58
dogecoin,2021-04-21 04:58:10
CryptoCurrency,2021-01-21 19:30:35
dogecoin,2021-05-05 20:08:06
dogecoin,2021-05-05 21:31:14
Bitcoin,2021-02-21 17:59:53
CryptoCurrency,2021-03-25 20:00:55
dogecoin,2021-05-06 13:07:56
dogecoin,2021-02-04 07:12:32
CryptoCurrency,2021-03-24 22:48:19
dogecoin,2021-04-22 07:45:52
dogecoin,2021-05-06 06:17:49
dogecoin,2021-02-10 04:46:52
Bitcoin,2021-04-29 11:14:12
dogecoin,2021-01-30 11:00:11
dogecoin,2021-02-13 08:20:29
dogecoin,2021-02-09 15:41:20
dogecoin,2021-02-08 14:13:31
Bitcoin,2021-02-03 14:45:59
CryptoCurrency,2021-04-29 04:18:13
CryptoCurrency,2021-04-04 06:23:06
CryptoCurrency,2021-03-18 09:50:41
Bitcoin,2021-03-13 10:59:48
CryptoCurrency,2021-05-04 11:41:03
dogecoin,2021-04-06 00:36:47
dogecoin,2021-04-19 01:46:20
dogecoin,2021-05-07 04:54:46
dogecoin,2021-04-18 19:53:34
dogecoin,2021-04-14 08:59:42
dogecoin,2021-02-12 10:05:44
dogecoin,2021-04-18 22:00:49
dogecoin,2021-04-21 13:11:38
dogecoin,2021-02-12 03:28:52
dogecoin,2021-05-02 19:39:31
dogecoin,2021-05-07 17:44:43
CryptoCurrency,2021-04-20 15:32:34
dogecoin,2021-02-12 13:00:01
dogecoin,2021-02-03 10:41:27
dogecoin,2021-02-05 01:19:49
Bitcoin,2020-11-13 21:49:56
dogecoin,2021-04-04 04:09:48
CryptoCurrency,2021-03-23 00:35:25
dogecoin,2021-01-29 09:48:34
dogecoin,2021-05-04 09:35:15
CryptoCurrency,2021-04-22 09:53:49
Bitcoin,2021-04-16 14:20:10
dogecoin,2021-04-21 08:28:05
dogecoin,2021-02-11 07:57:28
dogecoin,2021-02-06 11:48:35
dogecoin,2021-04-17 17:39:17
Bitcoin,2021-03-31 19:52:03
dogecoin,2021-02-01 14:04:09
dogecoin,2021-04-17 14:28:13
dogecoin,2021-04-21 01:31:18
dogecoin,2021-04-29 14:18:26
dogecoin,2021-02-05 08:10:05
dogecoin,2021-05-05 13:11:32
dogecoin,2021-04-16 19:03:10
dogecoin,2021-04-18 04:11:32
Bitcoin,2020-11-25 14:30:45
CryptoCurrency,2021-03-30 12:06:35
dogecoin,2021-05-06 20:05:07
CryptoCurrency,2021-03-23 21:52:35
dogecoin,2021-02-05 13:26:05
CryptoCurrency,2021-02-20 18:59:22
Bitcoin,2020-11-24 05:47:12
Bitcoin,2021-03-03 01:22:30
dogecoin,2021-01-31 04:42:57
dogecoin,2021-04-16 17:50:26
Bitcoin,2021-03-29 16:23:09
dogecoin,2021-02-07 08:08:39
dogecoin,2021-04-14 18:10:17
dogecoin,2021-02-23 16:03:59
dogecoin,2021-02-09 10:33:30
dogecoin,2021-02-02 13:39:45
CryptoCurrency,2021-03-04 21:31:05
dogecoin,2021-05-07 15:06:10
